Job Title,Company Name,Posted
Python Developer,Virtusa,1 week ago
Python Developer,Pando,1 week ago
Python Developer,Colan Infotech Private Limited,4 months ago
Python Developer,DEME Group,2 weeks ago
Python Backend Developer,CRUX Consulting Services,4 days ago
Python Developer Intern,Weboin Digital Marketing Agency,5 months ago
Python Developer,Ideas2IT Technologies,5 days ago
Python Developers,MEL Systems and Services Ltd.,5 months ago
Python Django Developer,Virtusa,2 weeks ago
Python Developer,All Time Design,4 months ago
Python Developer,MEL Systems and Services Ltd.,5 months ago
Python Developer,Colan Infotech Private Limited,3 months ago
Python Developer,Actalent,2 weeks ago
Backend Engineer (Python),HappyFox,1 year ago
Python Developer,Maximl,4 months ago
Python Developer - Django/Flask,eGrove Systems,1 month ago
Junior Python Developer,Arting Digital,3 weeks ago
Python Developer,WBC Software Lab,7 months ago
Python Developer,AgileTech Info Solutions Private Limited,1 month ago
Backend Python Developer,Mako IT Lab,4 months ago
Python Developer,CoreStack,4 months ago
Python Fullstack Engineer - Remote Work,BairesDev,4 days ago
Python Developer,IDFC FIRST Bank,1 week ago
Python Developer - Backend Technologies,RSNGINFO SOLUTIONS,1 month ago
Junior Python Software Engineer - Data,Tort Experts,3 weeks ago
Python Developer,Cortex Consultants LLC,6 days ago
BACKEND DEVELOPER,Terralogic,4 months ago
Python Developer,Prodapt,1 week ago
Junior Backend Software Engineer,Wati,1 month ago
PHP/Python Developer,Valor PayTech,3 weeks ago
Python Developer,IDP Education Ltd,2 years ago
Xpetize - Python Backend Developer - Django/Flask,Xpetize,1 month ago
Python Developer,10decoders,4 days ago
Remote Python Programmer - 17852,Turing,6 days ago
Web Developer,Raga Designers,7 months ago
Semi Senior Python Developer - Remote Work,BairesDev,4 days ago
Python - Pyspark Developer - GO/JC/544/2025,Golden Opportunities,2 weeks ago
Python Developer,Roanuz,3 days ago
Python Developer,EWall Solutions Pvt Ltd,1 month ago
Python AWS Developer,Virtusa,1 week ago
Remote Python Developer - 17852,Turing,6 days ago
Junior full stack developer,"Sciera, Inc.",1 year ago
Remote Python Developer - 17852,Turing,3 days ago
Python Bigdata Developer_Retail_Risk_Team_Chennai,Citi,2 weeks ago
Python/ML Developer,ennVee India,5 months ago
Java+Python Developer,Millennium IMS Private Limited,4 months ago
Python Pyspark Developer,Virtusa,1 week ago
Remote Python Programmer - 17852,Turing,3 days ago
Back End Developer,Zoho,2 days ago
Applications Development (Python Developer)C12 - CHENNAI,Citi,5 days ago
Senior Python Developer,TVS Next,1 week ago
Python Developer,Sutherland,4 months ago
Data Engineer - R/SQL/Python,Cyanous Software Private Limited,1 month ago
"Software Engineer (Angular, Python, Fast Api, SQL, Kubernetes, CI/CD)",NielsenIQ,1 week ago
Python Developer,Roanuz,2 days ago
Python Automation Developer Using GenAI,Prodapt,2 weeks ago
Senior Software Engineer â€“ (Python,EPAM Systems,2 weeks ago
Python Engineer,Itus Capital Advisors Pvt Ltd,1 week ago
